ds,y,yhat,yhat_lower,yhat_upper,granularity
2016-10-01,47375.97,93289.18431716999,-70569.03447183938,265949.74948936485,month
2016-12-01,19.62,200133.89159295027,24569.37571138375,372791.4592957257,month
2017-01-01,128454.1,254432.02152430662,76372.82752622564,435395.6504118109,month
2017-02-01,272657.26,308730.1514582628,131318.17657577735,487724.79303358315,month
2017-03-01,416327.3,357773.6236603895,187686.140448221,530950.6924992772,month
2017-04-01,391484.45,412071.75359867787,238644.24642294738,595894.999357146,month
2017-05-01,570643.9,464618.33095724136,292553.6631242058,631264.057848014,month
2017-06-01,494147.47,518916.4608916663,343285.6718911984,684455.8182877699,month
2017-07-01,570027.48,571463.0382437982,392105.27733508626,736691.2074429146,month
2017-08-01,651423.74,625761.1681715864,446028.5267623974,797890.8677837062,month
2017-09-01,703784.56,680059.2980899343,503162.6791349032,843302.3443042771,month
2017-10-01,755217.45,732605.8750934027,566852.7714238168,890400.5936029739,month
2017-11-01,1161785.7,786903.9917752158,608587.5921712987,961853.4520659314,month
2017-12-01,846369.6,839450.5529948146,682828.9413261212,1019133.0637897584,month
2018-01-01,1084202.96,893748.6662577557,716085.5333959202,1071492.2625970924,month
2018-02-01,977226.23,948046.1475238634,782075.7161928416,1126747.3111917367,month
2018-03-01,1125026.32,997089.0338263606,819631.697969069,1177705.2694799325,month
2018-04-01,1135408.11,1051386.5150886357,883056.6361985233,1227983.3881879447,month
2018-05-01,1129431.65,1103932.4646972893,928606.648350534,1272177.6492460137,month
2018-06-01,1012446.32,1158229.9459595645,984181.9237147798,1340431.773743395,month
2018-07-01,1029641.24,1210775.8955682176,1039150.8591498098,1372641.0691891026,month
2018-08-01,985596.34,1265073.376830493,1097852.043192131,1443587.6547159292,month
2018-09-01,,1319370.8580927681,1149359.4787700635,1481064.8042321133,month
2018-10-01,,1371916.8077014214,1200679.970730104,1550661.5370455978,month
2018-11-01,,1426214.2889636972,1246469.6080166632,1593130.8801783137,month
2016-10-03,43298.42,32285.816721311996,-36492.32057501883,110536.11159020686,week
2016-10-10,4077.55,34864.88521097018,-35822.348236585465,103196.48282900652,week
2016-12-19,19.62,60655.570107552,-12202.628101860659,134515.27763068603,week
2017-01-02,3651.3900000000003,65813.70708686838,-11525.26393251135,136229.19770122322,week
2017-01-09,12751.53,68392.77557695565,-5292.841200647948,139429.92525381438,week
2017-01-16,27385.74,70971.84406704291,16.826771653367103,151420.4986764724,week
2017-01-23,61442.63,73550.91255713018,6854.054379758691,148641.63103593173,week
2017-01-30,78498.02,76129.98104537501,-3052.901751070955,150229.77405114454,week
2017-02-06,87489.82,78709.04953361984,5531.467718428915,157484.50505049565,week
2017-02-13,60510.83,81288.11802186465,13711.086523829465,153493.84452640152,week
2017-02-20,50667.13,83867.18650839209,6439.6724184344575,154087.79244729865,week
2017-02-27,77991.37,86446.25499491952,10406.54411089111,163772.0281024864,week
2017-03-06,85531.62,89025.32347962745,17180.63831942065,161265.41207962806,week
2017-03-13,106970.33,91604.39196433539,15270.258268881906,168754.35129756975,week
2017-03-20,97957.84,94183.4604490433,18354.483119169963,167899.99436526807,week
2017-03-27,95902.18000000001,96762.5289328971,24431.033301934098,166251.3591591611,week
2017-04-03,99211.04000000001,99341.59741675087,26126.93466996949,172272.86533608302,week
2017-04-10,64812.43,101920.66590060464,30721.351308564193,172530.14815523784,week
2017-04-17,96675.26,104499.73438395733,35891.3694508419,181935.72647992353,week
2017-04-24,101473.95,107078.80286731002,37110.579791493445,178724.32157504474,week
2017-05-01,113431.85,109657.87135066274,32793.1312157861,186279.56296459818,week
2017-05-08,126641.31,112236.93982836978,40938.84767617095,188331.7713190444,week
2017-05-15,141497.51,114816.00830607682,37568.733110256944,189976.56328770655,week
2017-05-22,130698.83,117395.07678378384,50919.22015627972,197281.79660560956,week
2017-05-29,129243.53,119974.1452529929,42580.691042272665,191904.21541806552,week
2017-06-05,125680.32,122553.21372220192,47287.579204966525,190755.4699641881,week
2017-06-12,115691.04,125132.282191411,49441.17006759921,204845.92581749943,week
2017-06-19,101683.39,127711.35066023357,57904.16399648238,200120.83457836535,week
2017-06-26,107066.14,130290.41912905616,55962.214671734844,206143.28988348812,week
2017-07-03,121017.86,132869.48759613873,61654.3252548376,201387.50894232912,week
2017-07-10,133138.52,135448.5560632213,60310.399871528476,207528.30036528115,week
2017-07-17,140263.05,138027.62453030387,63128.247326280456,207340.47938070496,week
2017-07-24,128509.03,140606.69298496103,65134.86791095499,212624.79375751858,week
2017-07-31,138150.51,143185.7614396182,71106.69851443837,220395.19429488832,week
2017-08-07,146546.02,145764.82989427532,70903.57887733461,218558.2260920131,week
2017-08-14,145121.82,148343.8917056443,74283.72980126172,222707.1289923201,week
2017-08-21,123909.56,150922.95351701326,83561.39879097037,224172.9646643366,week
2017-08-28,201259.36,153502.01532838226,79786.70943003407,225487.63027281585,week
2017-09-04,151277.26,156079.90405975786,84901.8057621374,227712.91444880117,week
2017-09-11,181939.3,158657.79279113346,84274.15239642763,231942.8496346414,week
2017-09-18,147346.5,161235.681522509,88721.68014447684,232729.94413390744,week
2017-09-25,161220.22,163812.79837371252,89455.47120961825,236048.72449884235,week
2017-10-02,164777.07,166389.9152249161,91765.72589679179,240144.83562660846,week
2017-10-09,171500.5,168967.03207611965,100725.95086619363,242058.6821762602,week
2017-10-16,189781.96,171543.76624704502,102013.98276956337,247432.69106910503,week
2017-10-23,158690.24,174120.50041797044,102699.94234228913,244175.7557311009,week
2017-10-30,163578.72,176695.84558044403,98148.69238240343,254454.71253642425,week
2017-11-06,180237.29,179271.19074291768,103823.20031081174,247974.1849321114,week
2017-11-13,202394.09,181846.5359053913,106287.7175412153,254215.2926407801,week
2017-11-20,469822.36,184418.91802162808,109333.58199366678,259149.2271007884,week
2017-11-27,309156.04,186991.3001378649,113731.0858078111,256275.26936954868,week
2017-12-04,253357.99,189563.68225410167,115720.8703300046,264293.83089592966,week
2017-12-11,215271.77,192132.60368256312,115909.73999265362,258772.640224334,week
2017-12-18,146300.97,194701.52511102456,120462.91728124143,266294.65149642795,week
2017-12-25,117197.97,197270.446539486,122028.99233369899,272069.03374624776,week
2018-01-01,208993.75,199838.39122624372,133911.83388940658,271248.0967788873,week
2018-01-08,272960.99,202406.3359130014,129095.7958210706,281691.93996091664,week
2018-01-15,252344.04,204974.2805997591,133147.51160536427,273144.5797629692,week
2018-01-22,242592.14,207541.4690718358,133220.46154794114,280641.55609558965,week
2018-01-29,229109.45,210108.6575439125,135205.68525283743,287254.89485357533,week
2018-02-05,233762.09,212675.8460159892,139611.6381465927,287277.3015827292,week
2018-02-12,225672.82,215242.8114553239,143517.2330863301,288339.02126368403,week
2018-02-19,246983.95,217809.77689465866,141526.67240864222,285273.1320137163,week
2018-02-26,299538.75,220373.5482443061,151471.98390633948,299381.16849286435,week
2018-03-05,261982.39,222937.31959395355,144593.39211961487,301245.9862329,week
2018-03-12,249048.08,225501.09094360104,155810.41928944047,300595.2938785466,week
2018-03-19,264531.04,228061.428988049,148986.16955555702,300640.46142488497,week
2018-03-26,232144.61000000002,230621.76703249707,155367.21680456423,305745.00448651623,week
2018-04-02,259170.45,233182.10507694504,162471.26799230324,307153.4520652328,week
2018-04-09,265906.04,235741.91295296102,167979.82038842654,314865.2310407502,week
2018-04-16,265993.76,238301.72082897706,161676.93805176043,307808.1626981297,week
2018-04-23,270661.79,240861.52870499308,170445.6334754359,313598.7548707754,week
2018-04-30,277760.86,243421.28439655819,174038.91582298113,316064.1300801357,week
2018-05-07,334469.89,245981.04008812332,170602.24779711218,318746.4738197835,week
2018-05-14,296083.96,248540.7957796885,177141.65792730733,321781.5646669746,week
2018-05-21,152339.97,251100.5514712536,178117.8514048347,325140.19826761546,week
2018-05-28,207818.81,253660.30716281873,179508.28629961592,324339.14117438294,week
2018-06-04,240284.8,256220.0628543839,179593.29289654194,324435.3843219565,week
2018-06-11,257491.37,258779.818545949,183247.81188885184,332808.42583422334,week
2018-06-18,225067.05,261339.57423751414,191756.47981692298,333598.74198302743,week
2018-06-25,219020.37,263899.3299290793,191014.53537316297,337876.95406414056,week
2018-07-02,184868.39,266459.08562064444,191537.76554825794,342235.4569435272,week
2018-07-09,180651.15,269018.84131220955,193195.63487843232,344262.8748818676,week
2018-07-16,260126.13,271578.5970037747,197841.73413809857,347616.7965683322,week
2018-07-23,279069.77,274138.3526953398,198608.28138469736,347559.8524537866,week
2018-07-30,320188.7,276698.108386905,197389.74955092894,349754.8332426088,week
2018-08-06,318750.58,279257.8640784701,200922.0156802161,355121.3376556444,week
2018-08-13,285840.99,281817.6197700352,208748.3923712281,351394.52582367265,week
2018-08-20,145754.71,284377.37546160043,211962.5566005594,356381.92599636107,week
2018-08-27,11995.53,286937.13115316554,217359.32895849293,364312.14048981253,week
2018-09-03,,289496.8868447307,212390.467643573,361750.95739181625,week
2018-09-10,,292056.6425362958,217296.35998950733,367824.87331052194,week
2018-09-17,,294616.3982278609,220201.07435901603,362675.68961916806,week
2018-09-24,,297176.1539194261,225747.29807978918,374124.1675872305,week
2016-10-03,595.14,4526.039726312995,-7975.264735183054,16920.315175919182,day
2016-10-04,9821.42,3958.2454950876613,-8151.713422619217,16285.373737081429,day
2016-10-05,7209.5,3105.133750307294,-9556.512536806042,15970.560811385787,day
2016-10-06,6798.9,2133.9929627327974,-10045.038965930851,13535.862438152451,day
2016-10-07,7088.39,1373.8069230317735,-11515.424398188865,13537.710146289975,day
2016-10-08,8587.15,-4499.165709788389,-17004.067586499812,8084.329904272077,day
2016-10-09,3197.92,-3298.4445800009844,-16489.5434152435,8252.130220180183,day
2016-10-10,4077.55,4960.707318483539,-7512.914771207338,17427.80172060952,day
2016-12-23,19.62,6155.150437021132,-6742.166024888808,18456.29064694114,day
2017-01-05,707.27,7784.671661081334,-3373.8158391938837,20040.044646742288,day
2017-01-06,988.28,7024.485621382384,-5148.859891204482,19614.05067146097,day
2017-01-07,1447.99,1151.5129885608312,-11537.597146092005,12675.226104789348,day
2017-01-08,507.8500000000001,2352.23411833716,-10133.229970822857,14601.103779433568,day
2017-01-09,774.51,10611.386016838562,-2172.0287818981556,22540.911273007667,day
2017-01-10,1571.17,10043.59178561885,-2520.6891129294195,22669.897785412963,day
2017-01-11,2098.78,9190.480040833425,-3582.330435838885,21984.234616962236,day
2017-01-12,1720.35,8219.339253261773,-4214.04843814285,19986.470327804152,day
2017-01-13,2712.86,7459.153213557842,-4216.28428369616,20060.416947252408,day
2017-01-14,1153.29,1586.1805807336468,-10023.06410203304,13702.922188648658,day
2017-01-15,2720.57,2786.901710527026,-10435.72818543493,15003.709934332552,day
2017-01-16,3664.54,11055.56272181536,-986.0024553507172,23757.035907339014,day
2017-01-17,3979.73,10497.277603402805,-1518.567698833531,21971.19539796122,day
2017-01-18,3811.68,9653.674971420549,-2466.6591461760036,21976.205546888374,day
2017-01-19,4140.16,8692.043296652237,-3728.7210005739516,20472.928199334616,day
2017-01-20,4656.05,7941.36636974971,-4346.395446717051,19548.003632078075,day
2017-01-21,2991.71,2077.9028497394866,-11027.315522504688,14368.121658130829,day
2017-01-22,4141.87,3288.1330922878406,-9740.681765437761,15639.235722341706,day
2017-01-23,7221.59,11556.79410361535,-1634.3421354795828,24096.619984802444,day
2017-01-24,5943.21,10998.508985195673,-1812.3907078784184,22517.00995046813,day
2017-01-25,8196.07,10154.906353216007,-2452.1917510412163,22154.907659184828,day
2017-01-26,15319.84,9193.274678443124,-3019.212805463396,21586.766366165946,day
2017-01-27,12458.15,8442.597751550087,-4258.929842497313,20762.469996419633,day
2017-01-28,5710.01,2579.1342315268876,-9925.473054772603,14260.850160659205,day
2017-01-29,6593.76,3789.364474092291,-8336.502029416746,15597.170074517018,day
2017-01-30,11277.15,12058.025485415345,-401.1641014843917,23748.986402650804,day
2017-01-31,11945.66,11499.740366990045,-1513.5910472800813,23417.977979144292,day
2017-02-01,8788.7,10656.137735010829,-2388.1235415414967,23264.13784489489,day
2017-02-02,10334.07,9694.506060243977,-2837.4835832048702,22367.55119297349,day
2017-02-03,10797.08,8943.829133340128,-2932.1405395521906,20703.538616715145,day
2017-02-04,15320.15,3080.365613320949,-9723.007246071396,15664.751544859104,day
2017-02-05,10035.210000000001,4290.595946913889,-8361.341371659648,16618.767776706503,day
2017-02-06,10892.49,12559.25704924679,-1343.1858350369403,24217.721779860854,day
2017-02-07,16167.45,12000.972021857753,-498.850183575071,24400.388099790005,day
2017-02-08,13516.29,11157.369480901207,-1491.8328097804383,23381.828660319115,day
2017-02-09,10804.130000000001,10195.737897152345,-1534.2352563808229,23769.436242398726,day
2017-02-10,14486.49,9445.061061269122,-3024.5333238817007,21710.582993921045,day
2017-02-11,5233.15,3581.59763227045,-8512.763371623887,16040.274148654076,day
2017-02-12,16389.82,4791.827965867646,-7545.199047829256,16892.911069386708,day
2017-02-13,12174.71,13060.489068213054,810.846552710301,26095.052543023285,day
2017-02-14,12831.06,12502.204040812729,1044.594777342483,25525.40426878827,day
2017-02-15,7734.14,11658.601499855846,-941.8584308631135,24151.071666855965,day
2017-02-16,6842.42,10696.969916111168,-2133.4760264372017,22926.463349175145,day
2017-02-17,8059.21,9946.293080237596,-2109.5270313917504,21563.52240121274,day
2017-02-18,8673.48,4082.829651233821,-8106.206543426836,16807.613900533426,day
2017-02-19,4195.81,5293.059984834203,-7344.528911219226,17829.270731017725,day
2017-02-20,8318.07,13561.721087170983,937.0998527681753,25424.506277238186,day
2017-02-21,8982.23,13003.436059767704,172.81896210712227,25677.217161594308,day
2017-02-22,7348.3099999999995,12159.833518815696,-928.5408081209551,24440.767923737643,day
2017-02-23,7790.55,11198.20193506416,-1631.5614348939146,23271.93971260038,day
2017-02-24,7779.2,10447.525116662562,-1914.6999522479273,23339.77682494665,day
2017-02-25,4347.75,4584.061705161474,-8312.391944179668,16599.966187191014,day
2017-02-26,6101.02,5794.2920562251675,-6827.485978988519,17697.312325383387,day
2017-02-27,6721.860000000001,14062.953176048328,2002.0004098505028,26282.765979903128,day
2017-02-28,11992.41,13504.6681661236,757.0964963726957,25589.74419245738,day
2017-03-01,14355.23,12661.065642644664,266.48378259346674,24868.21077139043,day
2017-03-02,12575.460000000001,11699.434076370522,-925.7044640520388,24776.92065034086,day
2017-03-03,13970.779999999999,10948.75725797238,-1187.2330308540118,23320.14132786958,day
2017-03-04,10024.79,5085.293846469317,-7335.9793712231485,18635.682560187484,day
2017-03-05,8350.84,6295.5241975306035,-5339.419993059828,19154.081768628395,day
2017-03-06,10605.15,14564.185317347237,2080.9448265392543,26855.30895042169,day
2017-03-07,13233.89,14005.900307434116,1787.3637654813572,27724.613760388627,day
2017-03-08,14774.64,13162.297783952445,-54.69346801386812,24973.88044361955,day
2017-03-09,13001.78,12200.666217685157,-137.5969328141029,24939.44362497635,day
2017-03-10,14078.64,11449.989399276204,-962.3300282278127,23933.70553016286,day
2017-03-11,12089.77,5586.5259877777,-7241.227441890651,17638.61035556169,day
2017-03-12,7747.75,6796.756338842825,-5563.11713347937,19952.25094815146,day
2017-03-13,18871.88,15065.41745865684,2469.4252365069415,27244.266248626736,day
2017-03-14,16171.19,14507.132448742272,1583.3048853541723,26402.978590945968,day
2017-03-15,16624.46,13663.52992526022,805.3303664006648,26004.84859471682,day
2017-03-16,16463.94,12701.898365618752,501.06641217142584,24849.75529031292,day
2017-03-17,13522.03,11951.221553854211,-127.66786032704327,24479.298714065895,day
2017-03-18,17588.75,6087.758148972324,-6945.800105179837,18816.44857398467,day
2017-03-19,7728.08,7297.988506670757,-4846.3347119935515,19205.919721488517,day
2017-03-20,19327.85,15566.649633119425,2501.7047606208284,28641.83103864048,day
2017-03-21,13292.84,15008.364629826348,1836.6588951199196,27288.466768832597,day
2017-03-22,16497.07,14164.762112974244,1846.6206868883903,26044.081667155853,day
2017-03-23,18402.83,13203.130553331745,230.35435789956222,25438.769886388778,day
2017-03-24,11554.4,12452.453741564872,237.32575138050615,25102.220028664367,day
2017-03-25,11525.93,6588.990336676001,-5922.000672134929,20117.665110888713,day
2017-03-26,7356.92,7799.220694385473,-4415.284712661181,20345.493251591244,day
2017-03-27,18517.1,16067.88182082083,4319.524138152498,28288.050813466583,day
2017-03-28,13533.92,15509.596817536998,3033.1463559119866,28846.54248670177,day
2017-03-29,9662.03,14665.994300684517,1531.9030565186279,26183.83801671767,day
2017-03-30,11172.34,13704.362741044739,1598.6863556228386,27015.20524229253,day
2017-03-31,13705.02,12953.685929271189,371.178135612639,24934.37036649054,day
2017-04-01,18862.37,7090.222524400204,-5546.095234637794,19717.77758071109,day
2017-04-02,10449.4,8300.452882093403,-3400.9085931377012,20839.40184954335,day
2017-04-03,10402.17,16569.114008537104,3802.337613683447,28784.31554691805,day
2017-04-04,14152.99,16010.829011038588,3393.258667203024,28493.969606511084,day
2017-04-05,20248.13,15167.226499981138,2146.2591821717897,28488.882287226283,day
2017-04-06,21036.13,14205.594946135057,1318.6360293865343,25716.16071010801,day
2017-04-07,14605.91,13454.918140157612,828.8508523708081,26575.962787767716,day
2017-04-08,9688.06,7591.454741066086,-5627.999644467783,20241.38262782496,day
2017-04-09,9077.65,8801.685104562765,-3317.880532109671,20851.913852502996,day
2017-04-10,13049.66,17070.346236789763,4184.180017110347,28857.39925623229,day
2017-04-11,8400.58,16512.06123929482,4230.260361686371,30361.655493965445,day
2017-04-12,8925.15,15668.458728239319,3738.7644553432833,28486.555870306118,day
2017-04-13,11213.93,14706.827174389306,2436.3746062814926,27369.25011932817,day
2017-04-14,7950.88,13956.15036841701,1338.0415191939662,25659.746748130943,day
2017-04-15,9225.82,8092.68696932351,-4304.234249394916,21712.64882667412,day
2017-04-16,6046.41,9302.917332830577,-2360.226157403436,22105.266880000265,day
2017-04-17,8628.01,17571.57846504242,5737.48968082298,30168.59547393913,day
2017-04-18,23433.86,17013.293467556417,4610.563692062558,29860.574593660884,day
2017-04-19,13626.76,16169.690956498142,3452.2591186034815,28562.98574506092,day
2017-04-20,14654.23,15208.059402651827,2346.173378955349,27515.840361019247,day
2017-04-21,10048.39,14457.382596676405,2296.135237159498,27221.30373100086,day
2017-04-22,14777.47,8593.919197580932,-2997.969136348553,22008.90673782188,day
2017-04-23,11506.54,9804.149561073566,-2266.168706863919,21780.820290959844,day
2017-04-24,15435.6,18072.810692520026,4483.964368015176,30125.066323851017,day
2017-04-25,16136.78,17514.525694242646,6039.581519142523,29710.10349882294,day
2017-04-26,18037.64,16670.92318239824,4045.0485962496978,28753.16377251625,day
2017-04-27,11475.53,15709.291627764756,3011.1612898889407,28570.872253576345,day
2017-04-28,17803.15,14958.614821011382,2484.198925062534,28422.181107744105,day
2017-04-29,13295.69,9095.151421131039,-3323.6607181039362,21069.82347928942,day
2017-04-30,9289.56,10305.381783841112,-2354.320143202231,22620.104851511187,day
2017-05-01,14117.75,18574.042915283106,5137.64560804162,31524.211208936962,day
2017-05-02,19905.34,18015.757917000108,5692.707115423086,30941.747992870878,day
2017-05-03,12105.77,17172.15540515533,5328.382065716015,30163.844486450595,day
2017-05-04,15877.31,16210.523850527008,4150.161569794136,28324.788277355336,day
2017-05-05,15902.53,15459.847043764517,3000.8849130934746,27642.565137694277,day
2017-05-06,16774.95,9596.383643881529,-3598.7045653416762,21520.170965531986,day
2017-05-07,18748.2,10806.61400658383,-1364.334951131713,23544.671042363843,day
2017-05-08,18708.37,19075.275138042023,6344.154955059979,31853.67323233009,day
2017-05-09,23618.61,18516.990139761438,6429.012329536061,30332.609395292006,day
2017-05-10,22951.91,17673.387627914708,5542.378345898383,30345.194610759794,day
2017-05-11,21041.73,16711.75607328268,3468.322879752113,29144.826388048594,day
2017-05-12,14017.69,15961.079266517654,3317.541220137852,28476.5451867201,day
2017-05-13,9793.35,10097.615878685165,-2305.740363276662,23308.738059591222,day
2017-05-14,16509.65,11307.84625344486,-1566.9691939431088,23994.685499224604,day
2017-05-15,21132.2,19576.507396958015,7422.777272925524,31915.67865493194,day
2017-05-16,24624.28,19018.22241072997,5945.850183620204,31263.73194735452,day
2017-05-17,21161.78,18174.61991093897,6665.899599291881,30249.634051236095,day
2017-05-18,20801.42,17212.98836836135,4849.101834995163,28962.730547354426,day
2017-05-19,21352.23,16462.311573648785,3591.1941847160397,27700.830263794935,day
2017-05-20,12230.23,10598.84818582152,-1259.8909442626273,22682.707753808078,day
2017-05-21,20195.37,11809.078560578393,-741.9232665275364,23526.319180035804,day
2017-05-22,27837.19,20077.739704088934,7218.379539964615,32496.47018742444,day
2017-05-23,19913.85,19519.45471785793,6889.308568315197,32880.59584963598,day
2017-05-24,26800.06,18675.852218068885,5941.071555916906,30243.7359598233,day
2017-05-25,17189.91,17714.22067548733,4576.364923861055,30570.135792111618,day
2017-05-26,12246.38,16963.54388077826,5014.879531243863,30275.278988346225,day
2017-05-27,15604.2,11100.080492950674,-1976.775019634125,23578.784590737927,day
2017-05-28,11107.24,12310.310867711923,713.9269300046983,25046.327168269967,day
2017-05-29,20699.93,20578.972011224017,7743.46332258559,33442.368450431655,day
2017-05-30,15732.56,20020.687024987397,7441.089696095116,32264.152281210154,day
2017-05-31,21941.91,19177.084525201728,6899.319313581724,30865.039055208126,day
2017-06-01,21775.02,18215.452982619136,5975.775089852215,30266.393781673705,day
2017-06-02,21159.42,17464.776197230916,5160.309028758956,30775.26633234616,day
2017-06-03,12232.84,11601.312818736757,-465.6974826471164,22938.92612173497,day
2017-06-04,15701.85,12811.543202810055,298.0328550588793,24947.385198587832,day
2017-06-05,26331.16,21080.20435563036,9397.613873382854,33389.70353162436,day
2017-06-06,16284.5,20521.91937872688,8593.47804619163,33824.70796455295,day
2017-06-07,15132.48,19678.316888258545,6627.909324394667,32539.824645899327,day
2017-06-08,22592.03,18716.685355001675,6953.203047199975,31253.3164147383,day
2017-06-09,18496.85,17966.008569606784,6515.467849098743,31112.624607249516,day
2017-06-10,9467.0,12102.545191117179,-377.940526590622,25728.37811753609,day
2017-06-11,17376.3,13312.775575187527,84.17533761985169,26233.52180479591,day
2017-06-12,16716.1,21581.436728016182,9095.906864641158,34261.287274605056,day
2017-06-13,16285.23,21023.151751107078,9628.775207825172,32998.92222761991,day
2017-06-14,23315.21,20179.549260639826,7742.011450465189,32736.231284590798,day
2017-06-15,14549.04,19217.917727384214,6007.238976972922,31190.948357055506,day
2017-06-16,14582.92,18467.240941998974,6264.14848481228,30991.105429841646,day
2017-06-17,12474.05,12603.777563497068,-107.5208271583137,25654.32949888658,day
2017-06-18,17768.49,13814.00794756578,1602.2171158235778,26216.69973873641,day
2017-06-19,25658.83,22082.669100401992,9899.343901334561,34132.81709467056,day
2017-06-20,13653.9,21524.38412348963,9484.194186163031,34328.852889627466,day
2017-06-21,7196.18,20681.3935314969,8687.769535235971,33638.56339387551,day
2017-06-22,10243.13,19720.373896707923,6399.656160757942,31977.499707909752,day
2017-06-23,15044.51,18970.30900979534,6485.720507639639,31384.18072926712,day
2017-06-24,9781.5,13107.457529764286,470.6724354849233,25019.699704384388,day
2017-06-25,20105.34,14318.299812323556,1551.5029465312996,26698.466982388403,day
2017-06-26,14810.88,22587.57286362881,9772.840785576136,35244.23633535292,day
2017-06-27,19575.96,22029.899785189693,9154.516019710145,35354.760834740104,day
2017-06-28,16811.26,21186.909193191215,8142.512888517826,33751.37741779048,day
2017-06-29,14275.039999999999,20225.8895584091,7953.284471905795,32533.520901099062,day
2017-06-30,14750.45,19475.82467148571,6332.38030632492,31600.954757068797,day
2017-07-01,13440.58,13612.973191465331,210.5458944731317,26628.669084919253,day
2017-07-02,13401.97,14823.81547401553,1185.493906926813,26539.339874429792,day
2017-07-03,17704.27,23093.08852531427,10690.271138618868,35030.034004193134,day
2017-07-04,17664.1,22535.415446882886,10331.093602634788,34960.27895879338,day
2017-07-05,23912.89,21692.424854886995,8618.163290975612,33830.9712500182,day
2017-07-06,24276.0,20731.405220102006,8313.31363088107,33288.141088032084,day
2017-07-07,15647.800000000001,19981.34033319075,7282.650854815093,32278.688195377596,day
2017-07-08,11897.07,14118.48885316026,1547.785994250242,26901.819080155226,day
2017-07-09,9915.73,15329.331135714292,2760.971651563631,27999.25907061958,day
2017-07-10,20633.9,23598.604187018755,11190.923983889357,35560.71644620248,day
2017-07-11,22602.06,23041.6862107132,10827.110011608509,35328.95169072591,day
2017-07-12,21757.95,22199.45072085409,7832.667826822782,34237.49844726759,day
2017-07-13,18100.3,21239.18618820456,8701.61560080528,33948.213208571186,day
2017-07-14,21888.920000000002,20489.87640343557,8364.026033349566,32286.589373257793,day
2017-07-15,13070.38,14627.780025540222,1962.913582530091,26749.08577994052,day
2017-07-16,15085.01,15839.377410241766,3533.174891922896,28115.54644711181,day
2017-07-17,25286.0,24109.405563664015,11777.373670109078,37292.13888154829,day
2017-07-18,32056.81,23552.487587371565,11807.206174187746,36461.22611068684,day
2017-07-19,19302.12,22710.252097511966,9763.02619910899,34718.19391058968,day
2017-07-20,21302.27,21749.98756486141,8896.296473104767,32847.68361880647,day
2017-07-21,15196.18,21000.67778008575,9003.95974184042,32846.39775534542,day
2017-07-22,13375.77,15138.581402194415,2803.102952340703,27960.357461623375,day
2017-07-23,13743.9,16350.178786894325,4205.158025867824,28026.586300534476,day
2017-07-24,21724.61,24620.206940317617,11957.275722740547,37516.639401279266,day
2017-07-25,19767.31,24063.28896402607,11789.025841433671,36720.91633311217,day
2017-07-26,14005.210000000001,23221.053474166092,10527.88234179651,34578.47976905383,day
2017-07-27,18483.68,22260.78894151412,9450.239915540478,34632.3931359595,day
2017-07-28,22607.760000000002,21511.479156741916,8973.514532195166,34392.81231342141,day
2017-07-29,17426.58,15649.382778855808,3578.7294539295804,28359.123659498677,day
2017-07-30,14493.880000000001,16861.60587430397,5068.647585378802,28792.83508880524,day
2017-07-31,20256.47,25132.259738489287,12926.584291159596,37693.067365765,day
2017-08-01,24835.62,24575.967472952656,12607.654076121778,36665.27878214408,day
2017-08-02,20673.82,23734.35769385167,11770.369458258137,36441.29542273871,day
2017-08-03,21395.8,22774.718871965164,10440.729101101542,35419.93353018669,day
2017-08-04,21191.82,22026.0347979436,10196.120546754813,35069.361964791926,day
2017-08-05,14394.25,16164.564130808372,3185.133598130615,29161.872571364507,day
2017-08-06,15402.73,17376.78722626757,5319.127908650032,29058.678050461633,day
2017-08-07,26737.98,25647.441090450277,13235.487125231673,37838.32122801605,day
2017-08-08,21527.55,25091.14882491219,12322.208758567784,37539.212063268256,day
2017-08-09,23298.08,24249.539045813115,12681.033891495637,36750.870501929974,day
2017-08-10,23867.44,23289.900223922916,10985.819755874127,35433.74525545345,day
2017-08-11,22246.01,22541.216149904798,10210.962535708983,35077.07067212251,day
2017-08-12,14495.37,16679.7454827676,4684.25775293988,29089.967149450764,day
2017-08-13,14373.59,17891.96857823118,5281.14959973681,30013.125105264513,day
2017-08-14,21413.64,26162.622442408916,14315.852372373965,38094.55869222923,day
2017-08-15,27455.88,25606.33017687409,12931.717589098114,38361.03535035797,day
2017-08-16,25134.73,24764.720397773744,11995.536571883655,37387.15810474323,day
2017-08-17,21344.34,23805.081575884797,12094.675762828916,36555.53085800606,day
2017-08-18,19662.52,23056.397501866006,10957.103898435278,36412.43470282608,day
2017-08-19,15017.0,17195.271058362836,3550.1679262657253,29888.07041269188,day
2017-08-20,15093.71,18407.83837745452,6065.26097489128,31502.946859884552,day
2017-08-21,25705.09,26678.83646529791,14396.748521007254,40120.7601867715,day
2017-08-22,19761.97,26122.888423404307,13815.90174559239,39247.81020775303,day
2017-08-23,18593.79,25281.622867946255,13218.79657382702,37936.61990450486,day
2017-08-24,15747.73,24322.32826969855,11153.679624921511,36541.845093324395,day
2017-08-25,16743.32,23573.98841932424,11836.93257223041,35981.534266275616,day
2017-08-26,11658.23,17712.861975834614,5590.926089560752,30821.52388166678,day
2017-08-27,15699.43,18925.42929491681,6459.548875413478,31962.487919471925,day
2017-08-28,24836.2,27196.427382761754,15103.999036931955,39969.39093813932,day
2017-08-29,37009.99,26640.479340862526,14696.908748761864,38327.92590563061,day
2017-08-30,33282.06,25799.213785405558,12948.993436895473,38473.12012883906,day
2017-08-31,22824.05,24839.919187157426,12840.200762027187,37495.65976666939,day
2017-09-01,32025.32,24091.579336784125,11473.098656765229,36517.541412668375,day
2017-09-02,20215.96,18230.45289328586,6065.813276190406,29850.94408159666,day
2017-09-03,31065.78,19443.0202123791,6406.685402476431,31957.872588040784,day
2017-09-04,28300.420000000002,27714.018300221425,15523.696175792384,41380.62362359139,day
2017-09-05,24058.06,27158.070258323107,14577.182755823962,39971.53947467339,day
2017-09-06,28254.37,26316.80470286506,14644.311256969431,39020.456989167906,day
2017-09-07,19096.76,25357.51010354677,13260.332657383631,38713.130851600254,day
2017-09-08,14240.92,24609.17025209557,11580.521405803021,37654.214288172276,day
2017-09-09,17285.22,18748.043807523427,6032.183956377771,31618.48283094312,day
2017-09-10,20041.510000000002,19960.6111255497,7100.045134429471,32952.46773322122,day
2017-09-11,27078.22,28231.609212318443,15976.668952958922,41256.97197340359,day
2017-09-12,31568.3,27675.661169353974,15893.189320438236,39728.70955584888,day
2017-09-13,31513.57,26834.395612825785,15274.6206987006,39586.484398577624,day
2017-09-14,26057.64,25875.10101350875,13013.52584081996,38080.85970943728,day
2017-09-15,21105.05,25126.761162056868,12802.539991593174,37894.61023821726,day
2017-09-16,21758.71,19265.634717503817,6414.678429313301,32387.19404173848,day
2017-09-17,22857.81,20478.202035507387,7790.1604752857575,32568.34632331167,day
2017-09-18,31138.01,28749.200122283695,16391.84946249583,40712.432694803945,day
2017-09-19,22945.95,28193.252079312104,15250.62975084031,41058.3445338413,day
2017-09-20,25690.71,27351.98652278504,14742.459169078085,39333.055950343165,day
2017-09-21,21483.11,26392.691923464896,15026.70340358376,38354.80076465956,day
2017-09-22,19098.93,25644.352072022506,13043.346650019694,38185.81023045572,day
2017-09-23,11589.57,19783.22562745648,6958.441942217277,33388.61719717706,day
2017-09-24,15400.22,20995.792945477097,8091.632175619433,33262.9901641085,day
2017-09-25,20543.01,29266.791032248948,16724.471107090976,41358.04107458397,day
2017-09-26,24610.46,28710.842989271736,16907.12446978381,41549.880954483175,day
2017-09-27,24083.23,27869.577445148305,15571.774336936134,39817.111958874004,day
2017-09-28,26042.47,26910.282858231527,13844.67026772723,40128.329461804664,day
2017-09-29,30928.65,26161.943019178587,14097.375234390458,37686.926220661626,day
2017-09-30,13706.62,20300.816587023503,7958.300523276045,33057.52400090846,day
2017-10-01,21305.78,21513.3839174421,8964.033003359686,34232.31861976811,day
2017-10-02,24937.45,29784.382016600903,17336.619045915915,42021.94125820772,day
2017-10-03,30032.12,29228.433986040913,17066.23044000946,42227.53302950156,day
2017-10-04,24614.7,28387.168441910842,16259.241910514109,40569.944146768365,day
2017-10-05,28373.15,27427.873854991187,15145.940743575473,39369.93326430696,day
2017-10-06,19876.14,26679.53401593571,13481.805334724966,39770.695615041,day
2017-10-07,17222.98,20818.407583785185,7049.543276859408,33306.22413909789,day
2017-10-08,19720.53,22030.97491420083,9473.780591003804,34674.00201743003,day
2017-10-09,33507.68,30301.973013372146,17570.00058327867,42464.75324635356,day
2017-10-10,31450.93,29746.024982800867,16928.578173155194,41666.275364264045,day
2017-10-11,22066.68,28904.759438670455,16963.75353281057,41687.91522967779,day
2017-10-12,21724.54,27945.46485175499,15754.868391217282,40314.56572506117,day
2017-10-13,25847.16,27197.12501270916,14420.309938310687,39324.4799713675,day
2017-10-14,15806.46,21335.998580546326,8701.286313907665,34788.08060788825,day
2017-10-15,21097.05,22548.565910972367,9820.36982556459,34703.19431623012,day
2017-10-16,34432.31,30819.564012508425,18017.432577159543,42923.21684971077,day
2017-10-17,35237.0,30263.615984307577,18036.95379220087,42683.92399846576,day
2017-10-18,31501.86,29422.350442555427,17279.678637668287,42059.0806670146,day
2017-10-19,27360.09,28463.055858006475,16630.228515281746,42321.737430374196,day
2017-10-20,21690.05,27714.716021337525,14889.944411443676,41373.41367180857,day
2017-10-21,16874.2,21853.589591547745,9420.604473325531,34654.13926893852,day
2017-10-22,22686.45,23066.15692434553,9900.965199227736,35308.40183698314,day
2017-10-23,25193.83,31337.155025889162,18983.004294371523,43621.310667203084,day
2017-10-24,25676.45,30781.206997688056,19243.91996498282,44051.89506292515,day
2017-10-25,20720.83,29939.941455930166,17535.997187335426,42199.92546021943,day
2017-10-26,24937.54,28980.646871379802,16723.93333095057,41033.572722241835,day
2017-10-27,23077.41,28232.307034714304,16052.140951298257,40017.760071514975,day
2017-10-28,18810.23,22371.180604922552,10713.205493105917,34799.51123253758,day
2017-10-29,20273.95,23583.74793771793,10738.7141647255,36003.07665026376,day
2017-10-30,22400.97,31854.74603924851,19253.293335219183,44617.00508675414,day
2017-10-31,26760.93,31298.79801106167,19583.977832156368,43704.77714120474,day
2017-11-01,22029.17,30457.5324693049,18033.42644944415,42961.843021946814,day
2017-11-02,23825.63,29498.237884761395,17779.07369475333,42716.44909777511,day
2017-11-03,26036.15,28749.89804808943,16399.155164362208,41256.29225292315,day
2017-11-04,22355.82,22888.7716182979,9969.414042132867,34751.270363146556,day
2017-11-05,20170.05,24101.33891841262,10555.499346360166,36171.58656600028,day
2017-11-06,32103.93,32372.336987260274,20739.615183512815,44154.19281277196,day
2017-11-07,23504.28,31816.388926383326,19606.851723190524,45347.74024198331,day
2017-11-08,22458.68,30975.123351941704,18428.262944408772,42797.963323534656,day
2017-11-09,28045.13,30015.8287347106,16905.74403389358,43757.70162801358,day
2017-11-10,22010.46,29267.4888653593,17100.061090911273,42531.89591894958,day
2017-11-11,26054.420000000002,23406.36240288131,11281.880814967311,35919.62214182457,day
2017-11-12,26060.39,24618.929703000424,10969.675469001359,36653.31762864124,day
2017-11-13,28741.99,32889.92777184962,20416.00860708781,45019.72458482888,day
2017-11-14,31007.05,32333.979710969412,19141.75655568733,45446.359290282184,day
2017-11-15,26375.37,31492.714136528804,19083.75305577547,44214.65241488674,day
2017-11-16,32236.16,30533.41951929911,18286.436016165513,43934.73374758162,day
2017-11-17,33775.23,29785.0796499387,16935.219746660445,42418.76420547697,day
2017-11-18,26714.510000000002,23923.953187458064,12045.442105100054,36278.83146507061,day
2017-11-19,23543.78,25136.520487588212,12888.834519001524,37328.37690644783,day
2017-11-20,49210.53,33407.51855642827,20914.900963453074,46597.75888674836,day
2017-11-21,38614.46,32851.57049555315,20888.07362441598,45167.767319018625,day
2017-11-22,28937.43,32010.304921112154,19894.184831685896,44284.397850264104,day
2017-11-23,50508.46,31051.010303881045,18692.242550532035,43040.24818396754,day
2017-11-24,177178.62,30293.049584465443,17956.48953090734,42354.44702236442,day
2017-11-25,72720.32,24422.302271950037,12106.940958572499,37102.94378198322,day
2017-11-26,52652.54,25625.248722011253,12994.081664172783,37422.35857038206,day
2017-11-27,56800.92,33886.625940802835,21897.02229238724,46476.94300138753,day
2017-11-28,55855.47,33321.05702987209,20108.67498139877,46132.40535379215,day
2017-11-29,46164.91,32470.17060538105,19401.89626612018,45041.93272676169,day
2017-11-30,36093.84,31501.25513809684,19343.187669582636,44395.64549114323,day
2017-12-01,45225.98,30743.294418686593,19111.676162766722,43386.50803270644,day
2017-12-02,35311.95,24872.547106158207,12601.951610053411,37993.75820961339,day
2017-12-03,33702.97,26075.49355621166,13372.09456805033,38577.98566518461,day
2017-12-04,51721.88,34336.87077501944,21098.449679534762,47610.7132993466,day
2017-12-05,39049.39,33771.30186408575,21329.30926222051,46053.050362184,day
2017-12-06,45818.52,32920.415439596654,20421.302378186418,44618.14228831222,day
2017-12-07,32437.079999999998,31951.499972314352,20152.340431521676,45028.02285105188,day
2017-12-08,33204.45,31193.539252903414,18696.673449629772,42929.45754610521,day
2017-12-09,23321.18,25322.791940373052,12811.4263256747,38538.6353894953,day
2017-12-10,27805.49,26525.738390436898,14199.020026776432,38994.68638461045,day
2017-12-11,38631.94,34787.11560922952,22647.894984286027,47442.69308293376,day
2017-12-12,38029.91,34221.54669830475,22038.86104939356,47111.46686466314,day
2017-12-13,34179.74,33370.660273813715,21408.7907691301,46519.97326754486,day
2017-12-14,29203.3,32399.476112057386,19356.869709528542,44259.33704470408,day
2017-12-15,30506.85,31639.246698171326,18108.978409075873,44722.89686465652,day
2017-12-16,22701.57,25766.230691164536,13757.82614861176,38502.122847237115,day
2017-12-17,22018.46,26966.908446739486,13459.217328643446,39243.046583330644,day
2017-12-18,33366.81,35226.016971078025,23684.359437099494,47025.79560037281,day
2017-12-19,24005.14,34658.17936567318,21626.234142777976,46666.81232563685,day
2017-12-20,30756.510000000002,33805.02424670731,20998.944678876996,47227.88431005941,day
2017-12-21,21148.64,32833.840084949574,19683.44629728337,45060.06233554276,day
2017-12-22,16417.62,32073.610671071303,19980.680389322053,44232.29791247751,day
2017-12-23,13952.56,26200.5946640654,14809.41316999075,38272.82159596431,day
2017-12-24,6653.69,27401.27241964355,13940.436675185605,39675.34995000599,day
2017-12-25,12174.13,35660.380943977616,22884.285682638063,47693.91972411737,day
2017-12-26,23271.06,35092.543338567164,21908.090370895836,46992.11791774507,day
2017-12-27,20625.7,34239.38821960466,21603.496908583118,45429.20134938729,day
2017-12-28,17346.7,33268.204057848336,20709.830249776904,46339.08125835117,day
2017-12-29,18666.19,32507.974643960955,20243.098977682195,45541.93421052996,day
2017-12-30,15189.49,26634.958636966265,14572.749679773422,38933.08829348757,day
2017-12-31,9924.7,27835.63639254159,15523.983658873116,39959.77010526645,day
2018-01-01,8245.67,36094.744916873045,23354.55438117827,48903.18522815504,day
2018-01-02,28935.99,35526.907026796325,23878.06855789929,47945.753429768076,day
2018-01-03,35871.97,34673.7516231609,21958.822317708586,47643.55439130087,day
2018-01-04,39984.52,33702.567176734476,21778.19403764249,46138.78138576017,day
2018-01-05,30758.56,32942.33747817587,20587.29087277721,45775.39697809543,day
2018-01-06,32447.81,27069.32118651652,14834.585083804792,39844.80987174108,day
2018-01-07,32749.23,28269.998657420754,15630.96880264006,40182.1714071863,day
2018-01-08,44027.46,36529.10689708535,24477.878585737653,48184.54200571339,day
2018-01-09,35362.17,35961.26900700802,23593.858635808414,48707.21159814216,day
2018-01-10,43639.98,35108.11360337372,22642.985233557254,47795.508239089104,day
2018-01-11,45910.23,34136.92915695002,22252.529134650627,46817.315431470786,day
2018-01-12,36528.23,33376.699458390736,21169.131834102693,46095.82077078619,day
2018-01-13,32168.11,27503.683166729956,14886.753534774689,39935.66390670549,day
2018-01-14,35324.81,28704.360637638016,16440.039248465408,40832.927624386844,day
2018-01-15,44181.93,36963.468877299994,24064.689348880045,48957.302436750826,day
2018-01-16,49023.4,36395.63098722358,24627.85018009172,49491.60406877187,day
2018-01-17,41245.28,35542.47558358655,22978.4121287238,48571.0827713699,day
2018-01-18,33044.5,34571.29113715974,22161.47982052584,47511.90360249062,day
2018-01-19,32335.62,33811.061438603945,21872.103776341773,46272.73493985165,day
2018-01-20,26887.010000000002,27938.0451469495,15459.428094854642,40871.98768105981,day
2018-01-21,25626.3,29138.72261785528,18005.489323722377,41868.14543126222,day
2018-01-22,43126.49,37392.38948540534,24507.813032861035,49401.710836126105,day
2018-01-23,39685.22,36819.11022321519,23760.35364716357,49045.22790693857,day
2018-01-24,36818.28,35960.5134474627,23106.16796978555,48146.25636298991,day
2018-01-25,33899.58,34983.88762892137,22171.093030574884,46254.83791310303,day
2018-01-26,38732.83,34218.21655826177,21673.878141845995,46781.19444317308,day
2018-01-27,24688.51,28339.75889447487,15606.928436004817,40831.38937059892,day
2018-01-28,25641.23,29534.99499327821,16779.71461785787,42084.25199279704,day
2018-01-29,35422.02,37788.66186081496,24667.040830093443,50331.30679322563,day
2018-01-30,34261.65,37215.38259863255,25101.868297822686,50530.238147011536,day
2018-01-31,37628.37,36356.78582287972,24168.689270203555,49276.24654922743,day
2018-02-01,35485.36,35380.16000434258,22889.42025690763,48022.90696637024,day
2018-02-02,31658.920000000002,34614.488933670305,22115.789885704446,47881.984522745224,day
2018-02-03,26740.48,28736.03126989396,16309.04017311568,41592.119167429904,day
2018-02-04,27912.65,29931.267368694364,17520.227568183484,42139.86366212199,day
2018-02-05,41425.34,38184.93423623944,25959.58129559129,50935.33069622078,day
2018-02-06,39420.89,37611.654974051424,24778.18453387447,50477.35748771308,day
2018-02-07,36326.4,36753.05819829967,24044.023550908445,49371.088096340776,day
2018-02-08,31873.41,35776.4323797638,22829.327534872453,47675.158277526156,day
2018-02-09,34788.08,35010.761309101166,22756.925017345984,46733.929536853,day
2018-02-10,24496.15,29122.292492429333,16836.229881287578,41798.93206458287,day
2018-02-11,25431.82,30307.517438344912,18224.097940616797,43043.960591808536,day
2018-02-12,27649.12,38551.173153007854,26230.168294498944,50827.32935591313,day
2018-02-13,27990.47,37967.88273793454,25980.642137687555,50890.38065004784,day
2018-02-14,43468.4,37099.274809305985,24597.53969984254,50241.71781791976,day
2018-02-15,36977.17,36112.63783788006,23612.37496193655,48717.75005589625,day
2018-02-16,31752.34,35336.95561433341,22949.350227423634,47858.110266174146,day
2018-02-17,29147.86,29448.48679765893,16196.533478715859,42342.92724984097,day
2018-02-18,28687.46,30633.71174359156,17531.308768480852,43577.077245536304,day
2018-02-19,33085.91,38877.36745823934,26482.840073035703,50596.42265674519,day
2018-02-20,42300.16,38294.077043176476,25387.51830384859,50685.02511507917,day
2018-02-21,37596.79,37425.46911454218,25042.871426133053,50409.32191594545,day
2018-02-22,36579.71,36438.83214312311,24021.998234774645,49308.907255992635,day
2018-02-23,33681.840000000004,35663.14991956564,22817.841289071606,47948.34126091278,day
2018-02-24,28655.670000000002,29774.681102901843,16952.50560790851,42526.631784224934,day
2018-02-25,35083.87,30959.906048825404,19596.107299139716,43277.594959303395,day
2018-02-26,49720.74,39203.56176347736,26335.61553313399,51804.26703824135,day
2018-02-27,47878.65,38620.27134841154,25980.05983065767,51938.551856278515,day
2018-02-28,51410.57,37751.66341977983,25318.08471619311,50367.0436155708,day
2018-03-01,45908.33,36765.026448356184,24455.326060906213,48663.549022992665,day
2018-03-02,37253.79,35970.69073222798,24206.588491682793,48105.331057745694,day
2018-03-03,31045.010000000002,30063.568422978176,17385.642600024075,42264.93881716726,day
2018-03-04,36321.66,31230.13987632534,18410.78250724996,43817.1436705393,day
2018-03-05,43750.020000000004,39455.14209839862,26312.45616650405,51659.441650833265,day
2018-03-06,45029.41,38853.19819074543,26972.341511086746,50743.578120094135,day
2018-03-07,41676.97,37965.93676953316,24650.788958402507,50658.43892720923,day
2018-03-08,33189.85,36960.646305535905,24739.497921241516,48949.40133058251,day
2018-03-09,32322.79,36166.31058940458,23717.486011147364,48460.80655824928,day
2018-03-10,29695.97,30259.188280152797,17866.505329511798,43508.95445753097,day
2018-03-11,36317.38,31425.759733491544,18781.03804481585,43834.36866529673,day
2018-03-12,35486.32,39650.761955575,27210.49345486389,52401.84501357166,day
2018-03-13,40303.2,39048.81804792423,25943.72373177215,51808.737730386965,day
2018-03-14,27412.3,38161.55662671146,25753.056176807244,50265.7164612816,day
2018-03-15,48893.37,37156.26616270906,24581.12580196469,49039.330499889176,day
2018-03-16,37880.27,36361.930446575185,24745.197011503114,48364.34703801804,day
2018-03-17,23539.64,30454.808137327425,17845.1585624201,43449.8876287729,day
2018-03-18,35532.98,31621.37959065173,19396.38003101945,43478.09422347087,day
2018-03-19,51203.24,39846.38181274903,27837.56534043196,53222.27666103428,day
2018-03-20,42585.71,39244.43790509917,26764.20085668299,51150.75688312636,day
2018-03-21,45717.24,38337.35939939893,25271.14567286094,51297.04318942825,day
2018-03-22,36150.42,37312.25185090801,25213.799298337435,49580.1228650316,day
2018-03-23,31492.42,36498.09905029051,24807.92992433899,49150.67845200564,day
2018-03-24,27433.67,30571.159656560885,18223.65941351648,43017.04572055192,day
2018-03-25,29948.34,31717.914025401293,19020.358028059516,43840.16711054946,day
2018-03-26,41107.03,39923.099163002866,27337.360431364195,52772.52818735658,day
2018-03-27,39307.06,39301.33817086296,26451.186633460093,51762.41671833403,day
2018-03-28,31423.56,38394.259665166144,25822.798134740002,50479.08285727375,day
2018-03-29,32832.21,37369.1521166781,26287.385111015596,50043.82618291277,day
2018-03-30,25993.329999999998,36554.99931605582,24131.199976167118,49235.505981489674,day
2018-03-31,28272.829999999998,30628.05992231921,17815.525509591087,43530.32143968332,day
2018-04-01,33208.59,31774.814291170656,19120.83255317029,43911.481329903705,day
2018-04-02,46569.04,39979.99942876962,27558.802043889133,52473.71327085382,day
2018-04-03,41790.84,39358.23843662827,27406.434826126104,51653.72585148242,day
2018-04-04,42432.73,38451.159930933354,26280.28989458753,51143.165352283155,day
2018-04-05,41827.62,37426.05238244161,24698.259422070794,49708.82753517628,day
2018-04-06,30713.49,36611.899581822785,24549.300936262196,49534.401581954975,day
2018-04-07,28334.56,30684.960188084202,17985.673971958513,43670.146667448615,day
2018-04-08,27502.17,31831.714556946044,19602.568810257755,43984.65413841714,day
2018-04-09,56494.77,40036.89969453402,27621.857576469665,53120.455104408815,day
2018-04-10,31938.8,39397.02263463414,26985.822020968433,52008.453827314304,day
2018-04-11,44426.53,38471.82806117472,26405.55915032012,50736.29199690932,day
2018-04-12,39809.409999999996,37428.6044449239,26081.30166415374,50510.9606816411,day
2018-04-13,34785.48,36596.33557654262,23964.873906080822,49662.550579842406,day
2018-04-14,22305.81,30651.280115054673,18734.292383719392,44527.39404620173,day
2018-04-15,36145.24,31779.918416131906,19472.226861184277,43353.545745968535,day
2018-04-16,46876.41,39966.98748596828,27351.55633888491,51412.87387614226,day
2018-04-17,39388.21,39327.110426066945,26860.854545538004,51660.3936005003,day
2018-04-18,44845.56,38401.915852607155,25786.136971138436,49996.035059371556,day
2018-04-19,49381.04,37358.69223635492,25075.190343559454,49358.21091074494,day
2018-04-20,31389.13,36526.42336797543,23752.099619970602,48330.49525539081,day
2018-04-21,22309.62,30581.367906493837,18086.314222181507,42549.854146614634,day
2018-04-22,31803.79,31710.006207568782,19397.26996083326,44856.07149758078,day
2018-04-23,43912.39,39897.07527740671,27477.37120826571,52731.74040374442,day
2018-04-24,48920.64,39257.19821750212,26408.39928720234,51755.30310360442,day
2018-04-25,46862.91,38332.00364404333,25355.706331599627,49621.95948393237,day
2018-04-26,36424.31,37288.78002778839,25275.060433568284,50535.86342421161,day
2018-04-27,45325.99,36456.511159409914,24202.938909704677,48798.37744742655,day
2018-04-28,25846.43,30511.455697919686,18359.098586488035,43869.64950080507,day
2018-04-29,23369.12,31625.773377710884,18627.16180590388,44146.26442001259,day
2018-04-30,40467.48,39798.5218262514,27892.25753660227,52531.70982762879,day
2018-05-01,37911.35,39144.32414505593,27783.19188406874,51270.86588207983,day
2018-05-02,42533.87,38204.808950295155,26752.460928312852,50678.78037299732,day
2018-05-03,47935.1,37147.264712749595,25059.514473893578,49653.92618584231,day
2018-05-04,44708.270000000004,36300.67522306966,23822.383567132743,47853.97534674042,day
2018-05-05,32029.9,30341.299140288647,17473.15793094118,42547.087633823525,day
2018-05-06,32174.89,31455.616820077434,18203.707899122426,44592.601630967154,day
2018-05-07,60805.36,39628.365268615606,27191.884617978863,51573.686775925766,day
2018-05-08,54039.64,38974.1675874252,26948.558206671085,51758.89923520675,day
2018-05-09,49697.21,38034.65239266551,25491.814919680422,49746.18899521333,day
2018-05-10,56936.61,36977.10815512121,23623.25427684516,48446.69021491158,day
2018-05-11,43139.65,36130.518665455274,24206.554197468242,48295.17385526665,day
2018-05-12,33775.16,30171.142582658147,17468.97295106701,41350.728849853345,day
2018-05-13,36076.26,31285.460262444765,18291.407534834456,43379.97267455495,day
2018-05-14,60753.87,39458.20871099049,28032.645357872327,52588.9931133543,day
2018-05-15,49218.01,38804.01102979147,26416.951739448457,51891.06817700943,day
2018-05-16,63976.33,37864.4958350344,25115.59332761693,50323.305035667574,day
2018-05-17,35372.07,36806.951597486994,24179.113520100447,50034.46974726305,day
2018-05-18,35999.06,35960.36210782021,22540.48754032604,48728.912005151135,day
2018-05-19,28140.170000000002,30000.986025020447,19166.96935887387,42560.58269104065,day
2018-05-20,22624.45,31115.30370482411,19373.7472137089,43403.607243487815,day
2018-05-21,28743.66,39288.05215336538,26735.26342523865,51078.40203298699,day
2018-05-22,31382.44,38633.85447216611,27061.215832813607,51757.850917946496,day
2018-05-23,20262.29,37694.33927740705,24626.403464268195,49158.3744242609,day
2018-05-24,22206.44,36636.79503986275,23414.89497590618,48837.05908695486,day
2018-05-25,18137.37,35790.20555018515,23388.436347131843,48860.88052476124,day
2018-05-26,16914.09,29830.82946739607,17067.760784026545,42548.21604926568,day
2018-05-27,14693.68,30945.14714719745,18878.65729969819,43669.264892330604,day
2018-05-28,30114.99,39117.89559571889,27081.30544167096,51711.775023896065,day
2018-05-29,29430.63,38463.69791453388,25121.287524012736,50699.23167567549,day
2018-05-30,22279.18,37524.18271977741,24578.21904417447,50135.106005449044,day
2018-05-31,27419.65,36466.63848223023,24070.000864287642,48612.846698001485,day
2018-06-01,37282.67,35620.048992550095,22856.522281329842,47696.3418713821,day
2018-06-02,28870.67,29660.672909765563,17530.901213924208,42835.233388622226,day
2018-06-03,32421.02,30774.990589564,18075.79681212059,43144.47590803143,day
2018-06-04,33866.17,38947.73903809378,26742.408755347882,51885.20595565572,day
2018-06-05,35864.93,38293.54135690165,26066.42738713513,49526.6509975034,day
2018-06-06,32275.32,37354.026162144844,25713.841357928777,50001.27101493511,day
2018-06-07,42676.38,36296.481924602595,24042.448488387487,48840.657964429294,day
2018-06-08,30911.7,35449.89243493136,23023.620446600373,48649.984985365954,day
2018-06-09,34573.0,29490.516352134524,17470.6673694116,41574.97377253914,day
2018-06-10,30117.3,30604.834031943345,18300.482827260454,42796.33484950324,day
2018-06-11,57313.28,38777.5824804645,26934.586269410247,50591.90658570123,day
2018-06-12,46668.1,38123.38479926942,25346.33502367771,50007.77677361522,day
2018-06-13,40557.09,37183.86960451749,23695.697280242388,50255.58487619478,day
2018-06-14,32553.16,36126.325366970064,23726.67946522779,49024.30668617917,day
2018-06-15,31134.14,35279.7358772963,22267.820683736616,46962.157750829654,day
2018-06-16,28607.93,29320.359794503485,17038.62780410016,41989.52919192148,day
2018-06-17,20657.670000000002,30434.677474310673,17403.275249452174,42782.40530372553,day
2018-06-18,39769.34,38607.425922832874,26165.98496082716,50805.39320195499,day
2018-06-19,39427.64,37953.22824164405,25424.314773041264,49114.272183084046,day
2018-06-20,33897.27,37013.71304688638,24436.726423927958,49905.854505286516,day
2018-06-21,33152.97,35956.16880934168,24296.570620238377,47945.91462688824,day
2018-06-22,28484.58,35109.57931966724,22929.441951753954,47561.20695845991,day
2018-06-23,21043.65,29150.203236872447,16254.052582819613,42192.12075926158,day
2018-06-24,29291.6,30264.5209166524,17297.96323827638,42810.95988705297,day
2018-06-25,41024.31,38437.269365203596,25530.991373606463,50569.820138815194,day
2018-06-26,36970.52,37783.07168401182,25310.93204495652,50133.09436430611,day
2018-06-27,32450.96,36843.55648925528,23757.926919015907,48679.824748063074,day
2018-06-28,37148.28,35786.0122517133,22721.195245238345,46981.51704410899,day
2018-06-29,24932.17,34939.42276203652,22754.50213517374,47878.178947263106,day
2018-06-30,18502.5,28980.046679241947,16360.607396487765,42373.187907268104,day
2018-07-01,27991.63,30094.36435903175,17712.114554054897,42351.48736332725,day
2018-07-02,29161.59,38267.11280757849,25758.742773664362,51085.19003113984,day
2018-07-03,31209.77,37612.91512638109,24742.742136120465,50636.118712892356,day
2018-07-04,41045.43,36673.39993162418,24158.12827579738,49076.996145187506,day
2018-07-05,33574.03,35615.85569408323,22408.38004111753,47172.26735624785,day
2018-07-06,21828.25,34769.26620440745,22677.763660680997,47931.52304249393,day
2018-07-07,10942.08,28809.890121610908,16589.554406959316,41023.86894766683,day
2018-07-08,17107.24,29924.207801411103,17062.821203024054,41826.15399350214,day
2018-07-09,22894.0,38096.95624995338,25068.78676718516,49900.45353623496,day
2018-07-10,21572.53,37442.758568752724,25118.257281034108,51028.45861716515,day
2018-07-11,21278.72,36503.24337399765,24873.687589160116,48695.33142912615,day
2018-07-12,22767.579999999998,35445.699136450705,22896.67110101743,47756.16415591815,day
2018-07-13,32529.4,34599.1096467724,21704.966789734834,47492.67360978156,day
2018-07-14,25732.32,28639.73356397321,15992.261846241676,41438.65868009058,day
2018-07-15,33876.6,29754.051243771642,16509.069358239023,42600.65100529684,day
2018-07-16,36304.73,37926.79969231758,25696.512836030954,50719.67976921878,day
2018-07-17,34951.79,37272.602011122,24369.60001356133,49676.01685045614,day
2018-07-18,49568.79,36333.086816366544,24480.834360999022,48596.989926840164,day
2018-07-19,45182.3,35275.54257881818,22207.97853226935,47042.67248434798,day
2018-07-20,37905.62,34428.95308913734,21802.590156492264,46163.454376032845,day
2018-07-21,25163.44,28469.5770063699,15688.756164537876,42151.777786832215,day
2018-07-22,31049.46,29583.894686144984,16575.11075011838,42124.27307731774,day
2018-07-23,47195.4,37756.643134688304,25563.59866120852,50480.75898169294,day
2018-07-24,46494.59,37102.44545348977,24008.682537744586,49520.33923261997,day
2018-07-25,47594.66,36162.9302587369,23462.21807811769,48666.53211142871,day
2018-07-26,41183.96,35105.38602118811,22000.236121339287,47460.532566463226,day
2018-07-27,33017.34,34258.79653151262,21317.923246062703,47764.92698579985,day
2018-07-28,29350.49,28299.4204487322,15765.490040788472,40632.77973021922,day
2018-07-29,34233.33,29413.738128518322,16046.370790161956,41328.09359747986,day
2018-07-30,44165.909999999996,37586.486577059026,24895.93530536666,49156.613997433735,day
2018-07-31,52768.26,36932.288895857535,25055.70730437728,49081.35909457696,day
2018-08-01,48066.12,35992.77370110663,23505.638195914213,48539.20434746543,day
2018-08-02,44848.39,34935.22946355973,22761.4392387548,48012.56157748401,day
2018-08-03,48819.74,34088.63997388356,22178.067033493113,46431.30579341433,day
2018-08-04,40237.94,28129.26389110116,14986.469517789856,41548.81311620027,day
2018-08-05,41282.340000000004,29243.581570897673,17885.08308751902,41251.43221455825,day
2018-08-06,62728.22,37416.33001942322,23749.872666623003,49113.34867724997,day
2018-08-07,55638.22,36762.132338236035,24406.773805294353,48655.31558365689,day
2018-08-08,50372.35,35822.617143476986,23680.635054650622,48839.92784747271,day
2018-08-09,46295.4,34765.07290593134,22701.191457187306,46875.500408289685,day
2018-08-10,38944.43,33918.4834162545,20797.41093465368,45301.84197441755,day
2018-08-11,30511.59,27959.10733347066,16121.414712216241,41012.95631496789,day
2018-08-12,34260.37,29073.425013252203,16432.38006502803,40828.573630534505,day
2018-08-13,45431.41,37246.17346179811,24168.605091283527,49938.49094338516,day
2018-08-14,51138.5,36591.9757806038,24551.55425249128,49239.27520242165,day
2018-08-15,52083.75,35652.460585845874,23878.246607915673,48154.54670930469,day
2018-08-16,41736.11,34594.916348298815,22139.401611909518,46689.82557356052,day
2018-08-17,37008.96,33748.32685862978,20514.639734783563,46756.82440396093,day
2018-08-18,28475.76,27788.95077583962,15461.622530980612,40648.36050858903,day
2018-08-19,29966.5,28903.268455631554,16101.076710700709,41130.839012565266,day
2018-08-20,39075.89,37076.016904173004,24674.759377694994,49596.23920445976,day
2018-08-21,30773.19,36421.81922297157,23386.108745923048,48662.19674424473,day
2018-08-22,24203.62,35482.304028218525,23311.740653464145,48402.902650743024,day
2018-08-23,19540.56,34424.75979067288,22139.976972942837,46749.21617120487,day
2018-08-24,11090.53,33578.17030099306,20589.764234441693,46022.66651766805,day
2018-08-25,11737.76,27618.794218208583,15391.477599468442,39219.60720531498,day
2018-08-26,9333.16,28733.111898004892,15810.676406129838,41143.00774926647,day
2018-08-27,6111.61,36905.860346543726,25195.058596592495,48375.91180672558,day
2018-08-28,4121.22,36251.662665346215,23974.872765466585,49013.5625483867,day
2018-08-29,1762.7,35312.14747058742,22465.063466689582,47828.54178634486,day
2018-08-30,,34254.60323304036,20830.077317533123,46415.433230213624,day
2018-08-31,,33408.013743364,21063.797941020075,46560.33670212741,day
2018-09-01,,27448.637660577537,15619.465275813152,40930.9502635017,day
2018-09-02,,28562.955340371438,16239.24986239886,41483.62997448733,day
2018-09-03,,36735.7037889014,24896.279091453278,48732.30422701862,day
2018-09-04,,36081.50610771247,24576.23591287582,48610.658068871875,day
2018-09-05,,35141.99091295632,21889.210792324437,47714.232004269026,day
